model,avg_accuracy,avg_f1,samples
smollm2:135m,0.1,0.12181644172820644,100
qwen2.5:0.5b,0.12,0.14048660518225733,100
qwen2.5:7b,0.08,0.08633928571428572,100
